pokedex_number,attacks
1,"['Tackle', 'Growl', 'Leech Seed', 'Vine Whip', 'Poison Powder', 'Razor Leaf', 'Growth', 'Sleep Powder', 'Solar Beam', 'Swords Dance', 'Toxic', 'Body Slam', 'Take Down', 'Double-Edge', 'Rage', 'Mega Drain', 'Solar Beam', 'Mimic', 'Double Team', 'Reflect', 'Bide', 'Rest', 'Substitute', 'Cut']"
2,"['Tackle', 'Growl', 'Leech Seed', 'Leech Seed', 'Vine Whip', 'Poison Powder', 'Razor Leaf', 'Growth', 'Sleep Powder', 'Solar Beam', 'Swords Dance', 'Toxic', 'Body Slam', 'Take Down', 'Double-Edge', 'Rage', 'Mega Drain', 'Solar Beam', 'Mimic', 'Double Team', 'Reflect', 'Bide', 'Rest', 'Substitute', 'Cut']"
3,"['Tackle', 'Growl', 'Leech Seed', 'Vine Whip', 'Leech Seed', 'Vine Whip', 'Poison Powder', 'Razor Leaf', 'Growth', 'Sleep Powder', 'Solar Beam', 'Swords Dance', 'Toxic', 'Body Slam', 'Take Down', 'Double-Edge', 'Hyper Beam', 'Rage', 'Mega Drain', 'Solar Beam', 'Mimic', 'Double Team', 'Reflect', 'Bide', 'Rest', 'Substitute', 'Cut']"
4,"['Scratch', 'Growl', 'Ember', 'Leer', 'Rage', 'Slash', 'Flamethrower', 'Fire Spin', 'Mega Punch', 'Swords Dance', 'Mega Kick', 'Toxic', 'Body Slam', 'Take Down', 'Double-Edge', 'Submission', 'Counter', 'Seismic Toss', 'Rage', 'Dragon Rage', 'Dig', 'Mimic', 'Double Team', 'Reflect', 'Bide', 'Fire Blast', 'Swift', 'Skull Bash', 'Rest', 'Substitute', 'Cut', 'Strength']"
5,"['Scratch', 'Growl', 'Ember', 'Ember', 'Leer', 'Rage', 'Slash', 'Flamethrower', 'Fire Spin', 'Mega Punch', 'Swords Dance', 'Mega Kick', 'Toxic', 'Body Slam', 'Take Down', 'Double-Edge', 'Submission', 'Counter', 'Seismic Toss', 'Rage', 'Dragon Rage', 'Dig', 'Mimic', 'Double Team', 'Reflect', 'Bide', 'Fire Blast', 'Swift', 'Skull Bash', 'Rest', 'Substitute', 'Cut', 'Strength']"
6,"['Scratch', 'Growl', 'Ember', 'Leer', 'Ember', 'Leer', 'Rage', 'Slash', 'Flamethrower', 'Fire Spin', 'Mega Punch', 'Swords Dance', 'Mega Kick', 'Toxic', 'Body Slam', 'Take Down', 'Double-Edge', 'Hyper Beam', 'Submission', 'Counter', 'Seismic Toss', 'Rage', 'Dragon Rage', 'Earthquake', 'Fissure', 'Dig', 'Mimic', 'Double Team', 'Reflect', 'Bide', 'Fire Blast', 'Swift', 'Skull Bash', 'Rest', 'Substitute', 'Cut', 'Fly', 'Strength']"
7,"['Tackle', 'Tail Whip', 'Bubble', 'Water Gun', 'Bite', 'Withdraw', 'Skull Bash', 'Hydro Pump', 'Mega Punch', 'Mega Kick', 'Toxic', 'Body Slam', 'Take Down', 'Double-Edge', 'Bubble Beam', 'Water Gun', 'Ice Beam', 'Blizzard', 'Submission', 'Counter', 'Seismic Toss', 'Rage', 'Dig', 'Mimic', 'Double Team', 'Reflect', 'Bide', 'Skull Bash', 'Rest', 'Substitute', 'Surf', 'Strength']"
8,"['Tackle', 'Tail Whip', 'Bubble', 'Bubble', 'Water Gun', 'Bite', 'Withdraw', 'Skull Bash', 'Hydro Pump', 'Mega Punch', 'Mega Kick', 'Toxic', 'Body Slam', 'Take Down', 'Double-Edge', 'Bubble Beam', 'Water Gun', 'Ice Beam', 'Blizzard', 'Submission', 'Counter', 'Seismic Toss', 'Rage', 'Dig', 'Mimic', 'Double Team', 'Reflect', 'Bide', 'Skull Bash', 'Rest', 'Substitute', 'Surf', 'Strength']"
9,"['Tackle', 'Tail Whip', 'Bubble', 'Water Gun', 'Bubble', 'Water Gun', 'Bite', 'Withdraw', 'Skull Bash', 'Hydro Pump', 'Mega Punch', 'Mega Kick', 'Toxic', 'Body Slam', 'Take Down', 'Double-Edge', 'Bubble Beam', 'Water Gun', 'Ice Beam', 'Blizzard', 'Hyper Beam', 'Submission', 'Counter', 'Seismic Toss', 'Rage', 'Earthquake', 'Fissure', 'Dig', 'Mimic', 'Double Team', 'Reflect', 'Bide', 'Skull Bash', 'Rest', 'Substitute', 'Surf', 'Strength']"
10,"['Tackle', 'String Shot']"
11,"['Harden', 'Harden', 'Harden', 'Tackle', 'String Shot']"
12,"['Confusion', 'Confusion', 'Poison Powder', 'Stun Spore', 'Sleep Powder', 'Supersonic', 'Whirlwind', 'Psybeam', 'Confusion', 'Confusion', 'Poison Powder', 'Stun Spore', 'Sleep Powder', 'Supersonic', 'Whirlwind', 'Gust', 'Psybeam', 'Razor Wind', 'Whirlwind', 'Toxic', 'Take Down', 'Double-Edge', 'Hyper Beam', 'Rage', 'Mega Drain', 'Solar Beam', 'Psychic', 'Teleport', 'Mimic', 'Double Team', 'Reflect', 'Bide', 'Swift', 'Rest', 'Psywave', 'Substitute', 'Flash', 'Harden', 'Tackle', 'String Shot']"
13,"['Poison Sting', 'String Shot']"
14,"['Harden', 'Poison Sting', 'String Shot']"
15,"['Fury Attack', 'Fury Attack', 'Focus Energy', 'Twineedle', 'Rage', 'Pin Missile', 'Agility', 'Swords Dance', 'Toxic', 'Take Down', 'Double-Edge', 'Hyper Beam', 'Rage', 'Mega Drain', 'Mimic', 'Double Team', 'Reflect', 'Bide', 'Swift', 'Skull Bash', 'Rest', 'Substitute', 'Cut', 'Harden', 'Poison Sting', 'String Shot']"
16,"['Gust', 'Sand-Attack', 'Quick Attack', 'Whirlwind', 'Wing Attack', 'Agility', 'Mirror Move', 'Razor Wind', 'Whirlwind', 'Toxic', 'Take Down', 'Double-Edge', 'Rage', 'Mimic', 'Double Team', 'Reflect', 'Bide', 'Swift', 'Sky Attack', 'Rest', 'Substitute', 'Fly']"
17,"['Gust', 'Sand-Attack', 'Sand-Attack', 'Quick Attack', 'Whirlwind', 'Wing Attack', 'Agility', 'Mirror Move', 'Razor Wind', 'Whirlwind', 'Toxic', 'Take Down', 'Double-Edge', 'Rage', 'Mimic', 'Double Team', 'Reflect', 'Bide', 'Swift', 'Sky Attack', 'Rest', 'Substitute', 'Fly']"
18,"['Gust', 'Sand-Attack', 'Quick Attack', 'Sand-Attack', 'Quick Attack', 'Whirlwind', 'Wing Attack', 'Agility', 'Mirror Move', 'Razor Wind', 'Whirlwind', 'Toxic', 'Take Down', 'Double-Edge', 'Hyper Beam', 'Rage', 'Mimic', 'Double Team', 'Reflect', 'Bide', 'Swift', 'Sky Attack', 'Rest', 'Substitute', 'Fly']"
19,"['Tackle', 'Tail Whip', 'Quick Attack', 'Hyper Fang', 'Focus Energy', 'Super Fang', 'Toxic', 'Body Slam', 'Take Down', 'Double-Edge', 'Bubble Beam', 'Water Gun', 'Blizzard', 'Rage', 'Thunderbolt', 'Thunder', 'Dig', 'Mimic', 'Double Team', 'Bide', 'Swift', 'Skull Bash', 'Rest', 'Substitute']"
20,"['Tackle', 'Tail Whip', 'Quick Attack', 'Quick Attack', 'Hyper Fang', 'Focus Energy', 'Super Fang', 'Toxic', 'Body Slam', 'Take Down', 'Double-Edge', 'Bubble Beam', 'Water Gun', 'Ice Beam', 'Blizzard', 'Hyper Beam', 'Rage', 'Thunderbolt', 'Thunder', 'Dig', 'Mimic', 'Double Team', 'Bide', 'Swift', 'Skull Bash', 'Rest', 'Substitute']"
21,"['Peck', 'Growl', 'Leer', 'Fury Attack', 'Mirror Move', 'Drill Peck', 'Agility', 'Razor Wind', 'Whirlwind', 'Toxic', 'Take Down', 'Double-Edge', 'Rage', 'Mimic', 'Double Team', 'Bide', 'Swift', 'Sky Attack', 'Rest', 'Substitute', 'Fly']"
22,"['Peck', 'Growl', 'Leer', 'Leer', 'Fury Attack', 'Mirror Move', 'Drill Peck', 'Agility', 'Razor Wind', 'Whirlwind', 'Toxic', 'Take Down', 'Double-Edge', 'Hyper Beam', 'Rage', 'Mimic', 'Double Team', 'Bide', 'Swift', 'Sky Attack', 'Rest', 'Substitute', 'Fly']"
23,"['Wrap', 'Leer', 'Poison Sting', 'Bite', 'Glare', 'Screech', 'Acid', 'Toxic', 'Body Slam', 'Take Down', 'Double-Edge', 'Rage', 'Mega Drain', 'Earthquake', 'Fissure', 'Dig', 'Mimic', 'Double Team', 'Bide', 'Skull Bash', 'Rest', 'Rock Slide', 'Substitute', 'Strength']"
24,"['Wrap', 'Leer', 'Poison Sting', 'Poison Sting', 'Bite', 'Glare', 'Screech', 'Acid', 'Toxic', 'Body Slam', 'Take Down', 'Double-Edge', 'Hyper Beam', 'Rage', 'Mega Drain', 'Earthquake', 'Fissure', 'Dig', 'Mimic', 'Double Team', 'Bide', 'Skull Bash', 'Rest', 'Rock Slide', 'Substitute', 'Strength']"
25,"['Thunder Shock', 'Growl', 'Thunder Wave', 'Quick Attack', 'Swift', 'Agility', 'Thunder', 'Thunder Shock', 'Growl', 'Tail Whip', 'Thunder Wave', 'Quick Attack', 'Double Team', 'Slam', 'Thunderbolt', 'Agility', 'Thunder', 'Light Screen', 'Mega Punch', 'Mega Kick', 'Toxic', 'Body Slam', 'Take Down', 'Double-Edge', 'Pay Day', 'Submission', 'Seismic Toss', 'Rage', 'Thunderbolt', 'Thunder', 'Mimic', 'Double Team', 'Reflect', 'Bide', 'Swift', 'Skull Bash', 'Rest', 'Thunder Wave', 'Substitute', 'Flash', 'Surf']"
26,"['Thunder Shock', 'Growl', 'Thunder Wave', 'Mega Punch', 'Mega Kick', 'Toxic', 'Body Slam', 'Take Down', 'Double-Edge', 'Hyper Beam', 'Pay Day', 'Submission', 'Seismic Toss', 'Rage', 'Thunderbolt', 'Thunder', 'Mimic', 'Double Team', 'Reflect', 'Bide', 'Swift', 'Skull Bash', 'Rest', 'Thunder Wave', 'Substitute', 'Flash', 'Tail Whip', 'Quick Attack', 'Double Team', 'Slam', 'Thunderbolt', 'Agility', 'Thunder', 'Light Screen']"
27,"['Scratch', 'Sand-Attack', 'Slash', 'Poison Sting', 'Swift', 'Fury Swipes', 'Swords Dance', 'Toxic', 'Body Slam', 'Take Down', 'Double-Edge', 'Submission', 'Seismic Toss', 'Rage', 'Earthquake', 'Fissure', 'Dig', 'Mimic', 'Double Team', 'Bide', 'Swift', 'Skull Bash', 'Rest', 'Rock Slide', 'Substitute', 'Cut', 'Strength']"
28,"['Scratch', 'Sand-Attack', 'Sand-Attack', 'Slash', 'Poison Sting', 'Swift', 'Fury Swipes', 'Swords Dance', 'Toxic', 'Body Slam', 'Take Down', 'Double-Edge', 'Hyper Beam', 'Submission', 'Seismic Toss', 'Rage', 'Earthquake', 'Fissure', 'Dig', 'Mimic', 'Double Team', 'Bide', 'Swift', 'Skull Bash', 'Rest', 'Rock Slide', 'Substitute', 'Cut', 'Strength']"
29,"['Growl', 'Tackle', 'Scratch', 'Poison Sting', 'Tail Whip', 'Bite', 'Fury Swipes', 'Double Kick', 'Growl', 'Tackle', 'Scratch', 'Double Kick', 'Poison Sting', 'Tail Whip', 'Bite', 'Fury Swipes', 'Toxic', 'Body Slam', 'Take Down', 'Double-Edge', 'Blizzard', 'Rage', 'Thunderbolt', 'Thunder', 'Mimic', 'Double Team', 'Reflect', 'Bide', 'Skull Bash', 'Rest', 'Substitute']"
30,"['Growl', 'Tackle', 'Scratch', 'Poison Sting', 'Tail Whip', 'Bite', 'Fury Swipes', 'Double Kick', 'Growl', 'Tackle', 'Scratch', 'Double Kick', 'Poison Sting', 'Tail Whip', 'Bite', 'Fury Swipes', 'Toxic', 'Horn Drill', 'Body Slam', 'Take Down', 'Double-Edge', 'Bubble Beam', 'Water Gun', 'Ice Beam', 'Blizzard', 'Rage', 'Thunderbolt', 'Thunder', 'Mimic', 'Double Team', 'Reflect', 'Bide', 'Skull Bash', 'Rest', 'Substitute']"
31,"['Tackle', 'Body Slam', 'Scratch', 'Tail Whip', 'Scratch', 'Poison Sting', 'Body Slam', 'Tackle', 'Scratch', 'Tail Whip', 'Body Slam', 'Scratch', 'Double Kick', 'Body Slam', 'Mega Punch', 'Mega Kick', 'Toxic', 'Horn Drill', 'Body Slam', 'Take Down', 'Double-Edge', 'Bubble Beam', 'Water Gun', 'Ice Beam', 'Blizzard', 'Hyper Beam', 'Pay Day', 'Submission', 'Counter', 'Seismic Toss', 'Rage', 'Thunderbolt', 'Thunder', 'Earthquake', 'Fissure', 'Mimic', 'Double Team', 'Reflect', 'Bide', 'Fire Blast', 'Skull Bash', 'Rest', 'Rock Slide', 'Substitute', 'Surf', 'Strength', 'Growl', 'Poison Sting', 'Bite', 'Fury Swipes']"
32,"['Leer', 'Tackle', 'Horn Attack', 'Poison Sting', 'Focus Energy', 'Fury Attack', 'Horn Drill', 'Double Kick', 'Leer', 'Tackle', 'Horn Attack', 'Double Kick', 'Poison Sting', 'Focus Energy', 'Fury Attack', 'Horn Drill', 'Toxic', 'Body Slam', 'Take Down', 'Double-Edge', 'Blizzard', 'Rage', 'Thunderbolt', 'Thunder', 'Mimic', 'Double Team', 'Reflect', 'Bide', 'Skull Bash', 'Rest', 'Substitute']"
33,"['Leer', 'Tackle', 'Horn Attack', 'Horn Attack', 'Poison Sting', 'Focus Energy', 'Fury Attack', 'Horn Drill', 'Double Kick', 'Leer', 'Tackle', 'Horn Attack', 'Horn Attack', 'Double Kick', 'Poison Sting', 'Focus Energy', 'Fury Attack', 'Horn Drill', 'Toxic', 'Horn Drill', 'Body Slam', 'Take Down', 'Double-Edge', 'Bubble Beam', 'Water Gun', 'Ice Beam', 'Blizzard', 'Rage', 'Thunderbolt', 'Thunder', 'Mimic', 'Double Team', 'Reflect', 'Bide', 'Skull Bash', 'Rest', 'Substitute']"
34,"['Tackle', 'Horn Attack', 'Poison Sting', 'Thrash', 'Horn Attack', 'Poison Sting', 'Thrash', 'Tackle', 'Horn Attack', 'Poison Sting', 'Thrash', 'Horn Attack', 'Double Kick', 'Thrash', 'Mega Punch', 'Mega Kick', 'Toxic', 'Horn Drill', 'Body Slam', 'Take Down', 'Double-Edge', 'Bubble Beam', 'Water Gun', 'Ice Beam', 'Blizzard', 'Hyper Beam', 'Pay Day', 'Submission', 'Counter', 'Seismic Toss', 'Rage', 'Thunderbolt', 'Thunder', 'Earthquake', 'Fissure', 'Mimic', 'Double Team', 'Reflect', 'Bide', 'Fire Blast', 'Skull Bash', 'Rest', 'Rock Slide', 'Substitute', 'Surf', 'Strength', 'Leer', 'Focus Energy', 'Fury Attack', 'Horn Drill']"
35,"['Pound', 'Growl', 'Sing', 'Double Slap', 'Minimize', 'Metronome', 'Defense Curl', 'Light Screen', 'Mega Punch', 'Mega Kick', 'Toxic', 'Body Slam', 'Take Down', 'Double-Edge', 'Bubble Beam', 'Water Gun', 'Ice Beam', 'Blizzard', 'Submission', 'Counter', 'Seismic Toss', 'Rage', 'Solar Beam', 'Thunderbolt', 'Thunder', 'Psychic', 'Teleport', 'Mimic', 'Double Team', 'Reflect', 'Bide', 'Metronome', 'Fire Blast', 'Skull Bash', 'Rest', 'Thunder Wave', 'Psywave', 'Tri Attack', 'Substitute', 'Strength', 'Flash']"
36,"['Sing', 'Double Slap', 'Minimize', 'Metronome', 'Mega Punch', 'Mega Kick', 'Toxic', 'Body Slam', 'Take Down', 'Double-Edge', 'Bubble Beam', 'Water Gun', 'Ice Beam', 'Blizzard', 'Hyper Beam', 'Submission', 'Counter', 'Seismic Toss', 'Rage', 'Solar Beam', 'Thunderbolt', 'Thunder', 'Psychic', 'Teleport', 'Mimic', 'Double Team', 'Reflect', 'Bide', 'Metronome', 'Fire Blast', 'Skull Bash', 'Rest', 'Thunder Wave', 'Psywave', 'Tri Attack', 'Substitute', 'Strength', 'Flash', 'Pound', 'Growl', 'Defense Curl', 'Light Screen']"
37,"['Ember', 'Tail Whip', 'Quick Attack', 'Roar', 'Confuse Ray', 'Flamethrower', 'Fire Spin', 'Toxic', 'Body Slam', 'Take Down', 'Double-Edge', 'Rage', 'Dig', 'Mimic', 'Double Team', 'Reflect', 'Bide', 'Fire Blast', 'Swift', 'Skull Bash', 'Rest', 'Substitute']"
38,"['Ember', 'Tail Whip', 'Quick Attack', 'Roar', 'Toxic', 'Body Slam', 'Take Down', 'Double-Edge', 'Hyper Beam', 'Rage', 'Dig', 'Mimic', 'Double Team', 'Reflect', 'Bide', 'Fire Blast', 'Swift', 'Skull Bash', 'Rest', 'Substitute', 'Confuse Ray', 'Flamethrower', 'Fire Spin']"
39,"['Sing', 'Pound', 'Disable', 'Defense Curl', 'Double Slap', 'Rest', 'Body Slam', 'Double-Edge', 'Mega Punch', 'Mega Kick', 'Toxic', 'Body Slam', 'Take Down', 'Double-Edge', 'Bubble Beam', 'Water Gun', 'Ice Beam', 'Blizzard', 'Submission', 'Counter', 'Seismic Toss', 'Rage', 'Solar Beam', 'Thunderbolt', 'Thunder', 'Psychic', 'Teleport', 'Mimic', 'Double Team', 'Reflect', 'Bide', 'Fire Blast', 'Skull Bash', 'Rest', 'Thunder Wave', 'Psywave', 'Tri Attack', 'Substitute', 'Strength', 'Flash']"
40,"['Sing', 'Disable', 'Defense Curl', 'Double Slap', 'Mega Punch', 'Mega Kick', 'Toxic', 'Body Slam', 'Take Down', 'Double-Edge', 'Bubble Beam', 'Water Gun', 'Ice Beam', 'Blizzard', 'Hyper Beam', 'Submission', 'Counter', 'Seismic Toss', 'Rage', 'Solar Beam', 'Thunderbolt', 'Thunder', 'Psychic', 'Teleport', 'Mimic', 'Double Team', 'Reflect', 'Bide', 'Fire Blast', 'Skull Bash', 'Rest', 'Thunder Wave', 'Psywave', 'Tri Attack', 'Substitute', 'Strength', 'Flash', 'Pound', 'Rest', 'Body Slam', 'Double-edge']"
41,"['Leech Life', 'Supersonic', 'Bite', 'Confuse Ray', 'Wing Attack', 'Haze', 'Razor Wind', 'Whirlwind', 'Toxic', 'Take Down', 'Double-Edge', 'Rage', 'Mega Drain', 'Mimic', 'Double Team', 'Bide', 'Swift', 'Rest', 'Substitute']"
42,"['Leech Life', 'Screech', 'Bite', 'Supersonic', 'Bite', 'Confuse Ray', 'Wing Attack', 'Haze', 'Razor Wind', 'Whirlwind', 'Toxic', 'Take Down', 'Double-Edge', 'Hyper Beam', 'Rage', 'Mega Drain', 'Mimic', 'Double Team', 'Bide', 'Swift', 'Rest', 'Substitute']"
43,"['Absorb', 'Poison Powder', 'Stun Spore', 'Sleep Powder', 'Acid', 'Petal Dance', 'Solar Beam', 'Swords Dance', 'Toxic', 'Take Down', 'Double-Edge', 'Rage', 'Mega Drain', 'Solar Beam', 'Mimic', 'Double Team', 'Reflect', 'Bide', 'Rest', 'Substitute', 'Cut']"
44,"['Absorb', 'Poison Powder', 'Stun Spore', 'Poison Powder', 'Stun Spore', 'Sleep Powder', 'Acid', 'Petal Dance', 'Solar Beam', 'Swords Dance', 'Toxic', 'Take Down', 'Double-Edge', 'Rage', 'Mega Drain', 'Solar Beam', 'Mimic', 'Double Team', 'Reflect', 'Bide', 'Rest', 'Substitute', 'Cut']"
45,"['Stun Spore', 'Sleep Powder', 'Acid', 'Petal Dance', 'Poison Powder', 'Stun Spore', 'Sleep Powder', 'Swords Dance', 'Toxic', 'Body Slam', 'Take Down', 'Double-Edge', 'Hyper Beam', 'Rage', 'Mega Drain', 'Solar Beam', 'Mimic', 'Double Team', 'Reflect', 'Bide', 'Rest', 'Substitute', 'Cut', 'Absorb', 'Solar Beam']"
46,"['Scratch', 'Stun Spore', 'Leech Life', 'Spore', 'Slash', 'Growth', 'Swords Dance', 'Toxic', 'Body Slam', 'Take Down', 'Double-Edge', 'Rage', 'Mega Drain', 'Solar Beam', 'Dig', 'Mimic', 'Double Team', 'Reflect', 'Bide', 'Skull Bash', 'Rest', 'Substitute', 'Cut']"
47,"['Scratch', 'Stun Spore', 'Leech Life', 'Stun Spore', 'Leech Life', 'Spore', 'Slash', 'Growth', 'Swords Dance', 'Toxic', 'Body Slam', 'Take Down', 'Double-Edge', 'Hyper Beam', 'Rage', 'Mega Drain', 'Solar Beam', 'Dig', 'Mimic', 'Double Team', 'Reflect', 'Bide', 'Skull Bash', 'Rest', 'Substitute', 'Cut']"
48,"['Tackle', 'Disable', 'Poison Powder', 'Leech Life', 'Stun Spore', 'Psybeam', 'Sleep Powder', 'Psychic', 'Tackle', 'Disable', 'Supersonic', 'Confusion', 'Poison Powder', 'Leech Life', 'Stun Spore', 'Psybeam', 'Sleep Powder', 'Psychic', 'Toxic', 'Take Down', 'Double-Edge', 'Rage', 'Mega Drain', 'Solar Beam', 'Psychic', 'Mimic', 'Double Team', 'Reflect', 'Bide', 'Rest', 'Psywave', 'Substitute', 'Flash']"
49,"['Tackle', 'Disable', 'Poison Powder', 'Leech Life', 'Poison Powder', 'Leech Life', 'Stun Spore', 'Psybeam', 'Sleep Powder', 'Psychic', 'Tackle', 'Disable', 'Supersonic', 'Confusion', 'Poison Powder', 'Leech Life', 'Stun Spore', 'Psybeam', 'Sleep Powder', 'Psychic', 'Razor Wind', 'Whirlwind', 'Toxic', 'Take Down', 'Double-Edge', 'Hyper Beam', 'Rage', 'Mega Drain', 'Solar Beam', 'Psychic', 'Teleport', 'Mimic', 'Double Team', 'Reflect', 'Bide', 'Swift', 'Rest', 'Psywave', 'Substitute', 'Flash']"
50,"['Scratch', 'Growl', 'Dig', 'Sand-Attack', 'Slash', 'Earthquake', 'Toxic', 'Body Slam', 'Take Down', 'Double-Edge', 'Rage', 'Earthquake', 'Fissure', 'Dig', 'Mimic', 'Double Team', 'Bide', 'Rest', 'Rock Slide', 'Substitute', 'Cut']"
51,"['Scratch', 'Growl', 'Dig', 'Growl', 'Dig', 'Sand-Attack', 'Slash', 'Earthquake', 'Toxic', 'Body Slam', 'Take Down', 'Double-Edge', 'Hyper Beam', 'Rage', 'Earthquake', 'Fissure', 'Dig', 'Mimic', 'Double Team', 'Bide', 'Rest', 'Rock Slide', 'Substitute', 'Cut']"
52,"['Scratch', 'Growl', 'Bite', 'Pay Day', 'Screech', 'Fury Swipes', 'Slash', 'Toxic', 'Body Slam', 'Take Down', 'Double-Edge', 'Bubble Beam', 'Water Gun', 'Pay Day', 'Rage', 'Thunderbolt', 'Thunder', 'Mimic', 'Double Team', 'Bide', 'Swift', 'Skull Bash', 'Rest', 'Substitute']"
53,"['Scratch', 'Growl', 'Bite', 'Screech', 'Bite', 'Pay Day', 'Screech', 'Fury Swipes', 'Slash', 'Toxic', 'Body Slam', 'Take Down', 'Double-Edge', 'Bubble Beam', 'Water Gun', 'Hyper Beam', 'Pay Day', 'Rage', 'Thunderbolt', 'Thunder', 'Mimic', 'Double Team', 'Bide', 'Swift', 'Skull Bash', 'Rest', 'Substitute']"
54,"['Scratch', 'Tail Whip', 'Disable', 'Confusion', 'Fury Swipes', 'Hydro Pump', 'Mega Punch', 'Mega Kick', 'Toxic', 'Body Slam', 'Take Down', 'Double-Edge', 'Bubble Beam', 'Water Gun', 'Ice Beam', 'Blizzard', 'Pay Day', 'Submission', 'Counter', 'Seismic Toss', 'Rage', 'Dig', 'Mimic', 'Double Team', 'Bide', 'Swift', 'Skull Bash', 'Rest', 'Substitute', 'Surf', 'Strength', 'Amnesia']"
55,"['Scratch', 'Tail Whip', 'Disable', 'Scratch', 'Tail Whip', 'Disable', 'Confusion', 'Fury Swipes', 'Hydro Pump', 'Mega Punch', 'Mega Kick', 'Toxic', 'Body Slam', 'Take Down', 'Double-Edge', 'Bubble Beam', 'Water Gun', 'Ice Beam', 'Blizzard', 'Hyper Beam', 'Pay Day', 'Submission', 'Counter', 'Seismic Toss', 'Rage', 'Dig', 'Mimic', 'Double Team', 'Bide', 'Swift', 'Skull Bash', 'Rest', 'Substitute', 'Surf', 'Strength']"
56,"['Scratch', 'Leer', 'Karate Chop', 'Fury Swipes', 'Focus Energy', 'Seismic Toss', 'Thrash', 'Scratch', 'Leer', 'Low Kick', 'Karate Chop', 'Fury Swipes', 'Focus Energy', 'Seismic Toss', 'Thrash', 'Screech', 'Mega Punch', 'Mega Kick', 'Toxic', 'Body Slam', 'Take Down', 'Double-Edge', 'Pay Day', 'Submission', 'Counter', 'Seismic Toss', 'Rage', 'Thunderbolt', 'Thunder', 'Dig', 'Mimic', 'Double Team', 'Bide', 'Metronome', 'Swift', 'Skull Bash', 'Rest', 'Rock Slide', 'Substitute', 'Strength']"
57,"['Scratch', 'Leer', 'Karate Chop', 'Fury Swipes', 'Karate Chop', 'Fury Swipes', 'Focus Energy', 'Seismic Toss', 'Thrash', 'Scratch', 'Leer', 'Low Kick', 'Karate Chop', 'Low Kick', 'Karate Chop', 'Fury Swipes', 'Focus Energy', 'Rage', 'Seismic Toss', 'Screech', 'Thrash', 'Mega Punch', 'Mega Kick', 'Toxic', 'Body Slam', 'Take Down', 'Double-Edge', 'Hyper Beam', 'Pay Day', 'Submission', 'Counter', 'Seismic Toss', 'Rage', 'Thunderbolt', 'Thunder', 'Dig', 'Mimic', 'Double Team', 'Bide', 'Metronome', 'Swift', 'Skull Bash', 'Rest', 'Rock Slide', 'Substitute', 'Strength']"
58,"['Bite', 'Roar', 'Ember', 'Leer', 'Take Down', 'Agility', 'Flamethrower', 'Toxic', 'Body Slam', 'Take Down', 'Double-Edge', 'Rage', 'Dragon Rage', 'Dig', 'Mimic', 'Double Team', 'Reflect', 'Bide', 'Fire Blast', 'Swift', 'Skull Bash', 'Rest', 'Substitute']"
59,"['Roar', 'Ember', 'Leer', 'Take Down', 'Toxic', 'Body Slam', 'Take Down', 'Double-Edge', 'Hyper Beam', 'Rage', 'Dragon Rage', 'Dig', 'Teleport', 'Mimic', 'Double Team', 'Reflect', 'Bide', 'Fire Blast', 'Swift', 'Skull Bash', 'Rest', 'Substitute', 'Bite', 'Agility', 'Flamethrower']"
60,"['Bubble', 'Hypnosis', 'Water Gun', 'Double Slap', 'Body Slam', 'Amnesia', 'Hydro Pump', 'Toxic', 'Body Slam', 'Take Down', 'Double-Edge', 'Bubble Beam', 'Water Gun', 'Ice Beam', 'Blizzard', 'Rage', 'Psychic', 'Mimic', 'Double Team', 'Bide', 'Skull Bash', 'Rest', 'Psywave', 'Substitute', 'Surf']"
61,"['Bubble', 'Hypnosis', 'Water Gun', 'Hypnosis', 'Water Gun', 'Double Slap', 'Body Slam', 'Amnesia', 'Hydro Pump', 'Mega Punch', 'Mega Kick', 'Toxic', 'Body Slam', 'Take Down', 'Double-Edge', 'Bubble Beam', 'Water Gun', 'Ice Beam', 'Blizzard', 'Submission', 'Counter', 'Seismic Toss', 'Rage', 'Earthquake', 'Fissure', 'Psychic', 'Mimic', 'Double Team', 'Bide', 'Metronome', 'Skull Bash', 'Rest', 'Psywave', 'Substitute', 'Surf', 'Strength']"
62,"['Hypnosis', 'Water Gun', 'Double Slap', 'Body Slam', 'Hypnosis', 'Water Gun', 'Mega Punch', 'Mega Kick', 'Toxic', 'Body Slam', 'Take Down', 'Double-Edge', 'Bubble Beam', 'Water Gun', 'Ice Beam', 'Blizzard', 'Hyper Beam', 'Submission', 'Counter', 'Seismic Toss', 'Rage', 'Earthquake', 'Fissure', 'Psychic', 'Mimic', 'Double Team', 'Bide', 'Metronome', 'Skull Bash', 'Rest', 'Psywave', 'Substitute', 'Surf', 'Strength', 'Bubble', 'Amnesia', 'Hydro Pump']"
63,"['Teleport', 'Mega Punch', 'Toxic', 'Body Slam', 'Take Down', 'Double-Edge', 'Submission', 'Counter', 'Seismic Toss', 'Rage', 'Psychic', 'Teleport', 'Mimic', 'Double Team', 'Reflect', 'Bide', 'Metronome', 'Skull Bash', 'Rest', 'Thunder Wave', 'Psywave', 'Tri Attack', 'Substitute', 'Flash']"
64,"['Teleport', 'Confusion', 'Disable', 'Confusion', 'Disable', 'Psybeam', 'Recover', 'Psychic', 'Reflect', 'Teleport', 'Kinesis', 'Confusion', 'Disable', 'Psybeam', 'Recover', 'Psychic', 'Reflect', 'Mega Punch', 'Toxic', 'Body Slam', 'Take Down', 'Double-Edge', 'Submission', 'Counter', 'Seismic Toss', 'Rage', 'Dig', 'Psychic', 'Teleport', 'Mimic', 'Double Team', 'Reflect', 'Bide', 'Metronome', 'Skull Bash', 'Rest', 'Thunder Wave', 'Psywave', 'Tri Attack', 'Substitute', 'Flash']"
65,"['Teleport', 'Confusion', 'Disable', 'Confusion', 'Disable', 'Psybeam', 'Recover', 'Psychic', 'Reflect', 'Teleport', 'Kinesis', 'Confusion', 'Disable', 'Psybeam', 'Recover', 'Psychic', 'Reflect', 'Mega Punch', 'Toxic', 'Body Slam', 'Take Down', 'Double-Edge', 'Hyper Beam', 'Submission', 'Counter', 'Seismic Toss', 'Rage', 'Dig', 'Psychic', 'Teleport', 'Mimic', 'Double Team', 'Reflect', 'Bide', 'Metronome', 'Skull Bash', 'Rest', 'Thunder Wave', 'Psywave', 'Tri Attack', 'Substitute', 'Flash']"
66,"['Karate Chop', 'Low Kick', 'Leer', 'Focus Energy', 'Seismic Toss', 'Submission', 'Mega Punch', 'Mega Kick', 'Toxic', 'Body Slam', 'Take Down', 'Double-Edge', 'Submission', 'Counter', 'Seismic Toss', 'Rage', 'Earthquake', 'Fissure', 'Dig', 'Mimic', 'Double Team', 'Bide', 'Metronome', 'Fire Blast', 'Skull Bash', 'Rest', 'Rock Slide', 'Substitute', 'Strength']"
67,"['Karate Chop', 'Low Kick', 'Leer', 'Low Kick', 'Leer', 'Focus Energy', 'Seismic Toss', 'Submission', 'Mega Punch', 'Mega Kick', 'Toxic', 'Body Slam', 'Take Down', 'Double-Edge', 'Submission', 'Counter', 'Seismic Toss', 'Rage', 'Earthquake', 'Fissure', 'Dig', 'Mimic', 'Double Team', 'Bide', 'Metronome', 'Fire Blast', 'Skull Bash', 'Rest', 'Rock Slide', 'Substitute', 'Strength']"
68,"['Karate Chop', 'Low Kick', 'Leer', 'Low Kick', 'Leer', 'Focus Energy', 'Seismic Toss', 'Submission', 'Mega Punch', 'Mega Kick', 'Toxic', 'Body Slam', 'Take Down', 'Double-Edge', 'Hyper Beam', 'Submission', 'Counter', 'Seismic Toss', 'Rage', 'Earthquake', 'Fissure', 'Dig', 'Mimic', 'Double Team', 'Bide', 'Metronome', 'Fire Blast', 'Skull Bash', 'Rest', 'Rock Slide', 'Substitute', 'Strength']"
69,"['Vine Whip', 'Growth', 'Wrap', 'Poison Powder', 'Sleep Powder', 'Stun Spore', 'Acid', 'Razor Leaf', 'Slam', 'Swords Dance', 'Toxic', 'Take Down', 'Double-Edge', 'Rage', 'Mega Drain', 'Solar Beam', 'Mimic', 'Double Team', 'Reflect', 'Bide', 'Rest', 'Substitute', 'Cut']"
70,"['Vine Whip', 'Growth', 'Wrap', 'Wrap', 'Poison Powder', 'Sleep Powder', 'Stun Spore', 'Acid', 'Razor Leaf', 'Slam', 'Swords Dance', 'Toxic', 'Take Down', 'Double-Edge', 'Rage', 'Mega Drain', 'Solar Beam', 'Mimic', 'Double Team', 'Reflect', 'Bide', 'Rest', 'Substitute', 'Cut']"
71,"['Sleep Powder', 'Stun Spore', 'Acid', 'Razor Leaf', 'Wrap', 'Poison Powder', 'Sleep Powder', 'Swords Dance', 'Toxic', 'Body Slam', 'Take Down', 'Double-Edge', 'Hyper Beam', 'Rage', 'Mega Drain', 'Solar Beam', 'Mimic', 'Double Team', 'Reflect', 'Bide', 'Rest', 'Substitute', 'Cut', 'Vine Whip', 'Growth', 'Slam']"
72,"['Acid', 'Supersonic', 'Wrap', 'Poison Sting', 'Water Gun', 'Constrict', 'Barrier', 'Screech', 'Hydro Pump', 'Swords Dance', 'Toxic', 'Take Down', 'Double-Edge', 'Bubble Beam', 'Water Gun', 'Ice Beam', 'Blizzard', 'Rage', 'Mega Drain', 'Mimic', 'Double Team', 'Reflect', 'Bide', 'Skull Bash', 'Rest', 'Substitute', 'Cut', 'Surf']"
73,"['Acid', 'Supersonic', 'Wrap', 'Supersonic', 'Wrap', 'Poison Sting', 'Water Gun', 'Constrict', 'Barrier', 'Screech', 'Hydro Pump', 'Swords Dance', 'Toxic', 'Take Down', 'Double-Edge', 'Bubble Beam', 'Water Gun', 'Ice Beam', 'Blizzard', 'Hyper Beam', 'Rage', 'Mega Drain', 'Mimic', 'Double Team', 'Reflect', 'Bide', 'Skull Bash', 'Rest', 'Substitute', 'Cut', 'Surf']"
74,"['Tackle', 'Defense Curl', 'Rock Throw', 'Self-Destruct', 'Harden', 'Earthquake', 'Explosion', 'Mega Punch', 'Toxic', 'Body Slam', 'Take Down', 'Double-Edge', 'Submission', 'Counter', 'Seismic Toss', 'Rage', 'Earthquake', 'Fissure', 'Dig', 'Mimic', 'Double Team', 'Bide', 'Metronome', 'Self-Destruct', 'Fire Blast', 'Rest', 'Explosion', 'Rock Slide', 'Substitute', 'Strength']"
75,"['Tackle', 'Defense Curl', 'Defense Curl', 'Rock Throw', 'Self-Destruct', 'Harden', 'Earthquake', 'Explosion', 'Mega Punch', 'Toxic', 'Body Slam', 'Take Down', 'Double-Edge', 'Submission', 'Counter', 'Seismic Toss', 'Rage', 'Earthquake', 'Fissure', 'Dig', 'Mimic', 'Double Team', 'Bide', 'Metronome', 'Self-Destruct', 'Fire Blast', 'Rest', 'Explosion', 'Rock Slide', 'Substitute', 'Strength']"
76,"['Tackle', 'Defense Curl', 'Defense Curl', 'Rock Throw', 'Self-Destruct', 'Harden', 'Earthquake', 'Explosion', 'Mega Punch', 'Mega Kick', 'Toxic', 'Body Slam', 'Take Down', 'Double-Edge', 'Hyper Beam', 'Submission', 'Counter', 'Seismic Toss', 'Rage', 'Earthquake', 'Fissure', 'Dig', 'Mimic', 'Double Team', 'Bide', 'Metronome', 'Self-Destruct', 'Fire Blast', 'Rest', 'Explosion', 'Rock Slide', 'Substitute', 'Strength']"
77,"['Ember', 'Tail Whip', 'Stomp', 'Growl', 'Fire Spin', 'Take Down', 'Agility', 'Toxic', 'Horn Drill', 'Body Slam', 'Take Down', 'Double-Edge', 'Rage', 'Mimic', 'Double Team', 'Reflect', 'Bide', 'Fire Blast', 'Swift', 'Skull Bash', 'Rest', 'Substitute']"
78,"['Ember', 'Tail Whip', 'Stomp', 'Growl', 'Tail Whip', 'Stomp', 'Growl', 'Fire Spin', 'Take Down', 'Agility', 'Toxic', 'Horn Drill', 'Body Slam', 'Take Down', 'Double-Edge', 'Hyper Beam', 'Rage', 'Mimic', 'Double Team', 'Reflect', 'Bide', 'Fire Blast', 'Swift', 'Skull Bash', 'Rest', 'Substitute']"
79,"['Confusion', 'Disable', 'Headbutt', 'Growl', 'Water Gun', 'Amnesia', 'Psychic', 'Toxic', 'Body Slam', 'Take Down', 'Double-Edge', 'Bubble Beam', 'Water Gun', 'Ice Beam', 'Blizzard', 'Pay Day', 'Rage', 'Earthquake', 'Fissure', 'Dig', 'Psychic', 'Teleport', 'Mimic', 'Double Team', 'Reflect', 'Bide', 'Fire Blast', 'Swift', 'Skull Bash', 'Rest', 'Thunder Wave', 'Psywave', 'Tri Attack', 'Substitute', 'Surf', 'Strength', 'Flash']"
80,"['Confusion', 'Disable', 'Headbutt', 'Disable', 'Headbutt', 'Growl', 'Water Gun', 'Withdraw', 'Amnesia', 'Psychic', 'Mega Punch', 'Mega Kick', 'Toxic', 'Body Slam', 'Take Down', 'Double-Edge', 'Bubble Beam', 'Water Gun', 'Ice Beam', 'Blizzard', 'Hyper Beam', 'Pay Day', 'Submission', 'Counter', 'Seismic Toss', 'Rage', 'Earthquake', 'Fissure', 'Dig', 'Psychic', 'Teleport', 'Mimic', 'Double Team', 'Reflect', 'Bide', 'Fire Blast', 'Swift', 'Skull Bash', 'Rest', 'Thunder Wave', 'Psywave', 'Tri Attack', 'Substitute', 'Surf', 'Strength', 'Flash']"
81,"['Tackle', 'Sonic Boom', 'Thunder Shock', 'Supersonic', 'Thunder Wave', 'Swift', 'Screech', 'Toxic', 'Take Down', 'Double-Edge', 'Rage', 'Thunderbolt', 'Thunder', 'Teleport', 'Mimic', 'Double Team', 'Reflect', 'Bide', 'Swift', 'Rest', 'Thunder Wave', 'Substitute', 'Flash']"
82,"['Tackle', 'Sonic Boom', 'Thunder Shock', 'Sonic Boom', 'Thunder Shock', 'Supersonic', 'Thunder Wave', 'Swift', 'Screech', 'Toxic', 'Take Down', 'Double-Edge', 'Hyper Beam', 'Rage', 'Thunderbolt', 'Thunder', 'Teleport', 'Mimic', 'Double Team', 'Reflect', 'Bide', 'Swift', 'Rest', 'Thunder Wave', 'Substitute', 'Flash']"
83,"['Peck', 'Sand-Attack', 'Leer', 'Fury Attack', 'Swords Dance', 'Agility', 'Slash', 'Razor Wind', 'Swords Dance', 'Whirlwind', 'Toxic', 'Body Slam', 'Take Down', 'Double-Edge', 'Rage', 'Mimic', 'Double Team', 'Reflect', 'Bide', 'Swift', 'Skull Bash', 'Rest', 'Substitute', 'Cut', 'Fly']"
84,"['Peck', 'Growl', 'Fury Attack', 'Drill Peck', 'Rage', 'Tri Attack', 'Agility', 'Whirlwind', 'Toxic', 'Body Slam', 'Take Down', 'Double-Edge', 'Rage', 'Mimic', 'Double Team', 'Reflect', 'Bide', 'Skull Bash', 'Sky Attack', 'Rest', 'Tri Attack', 'Substitute', 'Fly']"
85,"['Peck', 'Growl', 'Fury Attack', 'Growl', 'Fury Attack', 'Drill Peck', 'Rage', 'Tri Attack', 'Agility', 'Whirlwind', 'Toxic', 'Body Slam', 'Take Down', 'Double-Edge', 'Hyper Beam', 'Rage', 'Mimic', 'Double Team', 'Reflect', 'Bide', 'Skull Bash', 'Sky Attack', 'Rest', 'Tri Attack', 'Substitute', 'Fly']"
86,"['Headbutt', 'Growl', 'Aurora Beam', 'Rest', 'Take Down', 'Ice Beam', 'Toxic', 'Horn Drill', 'Body Slam', 'Take Down', 'Double-Edge', 'Bubble Beam', 'Water Gun', 'Ice Beam', 'Blizzard', 'Pay Day', 'Rage', 'Mimic', 'Double Team', 'Bide', 'Skull Bash', 'Rest', 'Substitute', 'Surf', 'Strength']"
87,"['Headbutt', 'Growl', 'Aurora Beam', 'Growl', 'Aurora Beam', 'Rest', 'Take Down', 'Ice Beam', 'Toxic', 'Horn Drill', 'Body Slam', 'Take Down', 'Double-Edge', 'Bubble Beam', 'Water Gun', 'Ice Beam', 'Blizzard', 'Hyper Beam', 'Pay Day', 'Rage', 'Mimic', 'Double Team', 'Bide', 'Skull Bash', 'Rest', 'Substitute', 'Surf', 'Strength']"
88,"['Pound', 'Disable', 'Poison Gas', 'Minimize', 'Sludge', 'Harden', 'Screech', 'Acid Armor', 'Toxic', 'Body Slam', 'Rage', 'Mega Drain', 'Thunderbolt', 'Thunder', 'Mimic', 'Double Team', 'Bide', 'Self-Destruct', 'Fire Blast', 'Rest', 'Explosion', 'Substitute']"
89,"['Pound', 'Disable', 'Poison Gas', 'Poison Gas', 'Minimize', 'Sludge', 'Harden', 'Screech', 'Acid Armor', 'Toxic', 'Body Slam', 'Hyper Beam', 'Rage', 'Mega Drain', 'Thunderbolt', 'Thunder', 'Mimic', 'Double Team', 'Bide', 'Self-Destruct', 'Fire Blast', 'Rest', 'Explosion', 'Substitute']"
90,"['Tackle', 'Withdraw', 'Supersonic', 'Clamp', 'Aurora Beam', 'Leer', 'Ice Beam', 'Toxic', 'Take Down', 'Double-Edge', 'Bubble Beam', 'Water Gun', 'Ice Beam', 'Blizzard', 'Rage', 'Teleport', 'Mimic', 'Double Team', 'Reflect', 'Bide', 'Self-Destruct', 'Swift', 'Rest', 'Explosion', 'Tri Attack', 'Substitute', 'Surf']"
91,"['Withdraw', 'Supersonic', 'Clamp', 'Aurora Beam', 'Spike Cannon', 'Toxic', 'Take Down', 'Double-Edge', 'Bubble Beam', 'Water Gun', 'Ice Beam', 'Blizzard', 'Hyper Beam', 'Rage', 'Teleport', 'Mimic', 'Double Team', 'Reflect', 'Bide', 'Self-Destruct', 'Swift', 'Rest', 'Explosion', 'Tri Attack', 'Substitute', 'Surf', 'Tackle', 'Leer', 'Ice Beam']"
92,"['Lick', 'Confuse Ray', 'Night Shade', 'Hypnosis', 'Dream Eater', 'Toxic', 'Rage', 'Mega Drain', 'Thunderbolt', 'Thunder', 'Psychic', 'Mimic', 'Double Team', 'Bide', 'Self-Destruct', 'Dream Eater', 'Rest', 'Psywave', 'Explosion', 'Substitute']"
93,"['Lick', 'Confuse Ray', 'Night Shade', 'Hypnosis', 'Dream Eater', 'Toxic', 'Rage', 'Mega Drain', 'Thunderbolt', 'Thunder', 'Psychic', 'Mimic', 'Double Team', 'Bide', 'Self-Destruct', 'Dream Eater', 'Rest', 'Psywave', 'Explosion', 'Substitute']"
94,"['Lick', 'Confuse Ray', 'Night Shade', 'Hypnosis', 'Dream Eater', 'Mega Punch', 'Mega Kick', 'Toxic', 'Body Slam', 'Take Down', 'Double-Edge', 'Hyper Beam', 'Submission', 'Counter', 'Seismic Toss', 'Rage', 'Mega Drain', 'Thunderbolt', 'Thunder', 'Psychic', 'Mimic', 'Double Team', 'Bide', 'Metronome', 'Self-Destruct', 'Skull Bash', 'Dream Eater', 'Rest', 'Psywave', 'Explosion', 'Substitute', 'Strength']"
95,"['Tackle', 'Screech', 'Bind', 'Rock Throw', 'Rage', 'Slam', 'Harden', 'Toxic', 'Body Slam', 'Take Down', 'Double-Edge', 'Rage', 'Earthquake', 'Fissure', 'Dig', 'Mimic', 'Double Team', 'Bide', 'Self-Destruct', 'Rest', 'Explosion', 'Rock Slide', 'Substitute', 'Strength']"
96,"['Pound', 'Hypnosis', 'Disable', 'Confusion', 'Headbutt', 'Poison Gas', 'Psychic', 'Meditate', 'Mega Punch', 'Mega Kick', 'Toxic', 'Body Slam', 'Take Down', 'Double-Edge', 'Submission', 'Counter', 'Seismic Toss', 'Rage', 'Psychic', 'Teleport', 'Mimic', 'Double Team', 'Reflect', 'Bide', 'Metronome', 'Skull Bash', 'Dream Eater', 'Rest', 'Thunder Wave', 'Psywave', 'Tri Attack', 'Substitute', 'Flash']"
97,"['Pound', 'Hypnosis', 'Disable', 'Confusion', 'Disable', 'Confusion', 'Headbutt', 'Poison Gas', 'Psychic', 'Meditate', 'Mega Punch', 'Mega Kick', 'Toxic', 'Body Slam', 'Take Down', 'Double-Edge', 'Hyper Beam', 'Submission', 'Counter', 'Seismic Toss', 'Rage', 'Psychic', 'Teleport', 'Mimic', 'Double Team', 'Reflect', 'Bide', 'Metronome', 'Skull Bash', 'Dream Eater', 'Rest', 'Thunder Wave', 'Psywave', 'Tri Attack', 'Substitute', 'Flash']"
98,"['Bubble', 'Leer', 'Vice Grip', 'Guillotine', 'Stomp', 'Crabhammer', 'Harden', 'Swords Dance', 'Toxic', 'Body Slam', 'Take Down', 'Double-Edge', 'Bubble Beam', 'Water Gun', 'Ice Beam', 'Blizzard', 'Rage', 'Mimic', 'Double Team', 'Bide', 'Skull Bash', 'Rest', 'Substitute', 'Cut', 'Surf', 'Strength']"
99,"['Bubble', 'Leer', 'Vice Grip', 'Vice Grip', 'Guillotine', 'Stomp', 'Crabhammer', 'Harden', 'Swords Dance', 'Toxic', 'Body Slam', 'Take Down', 'Double-Edge', 'Bubble Beam', 'Water Gun', 'Ice Beam', 'Blizzard', 'Hyper Beam', 'Rage', 'Mimic', 'Double Team', 'Bide', 'Skull Bash', 'Rest', 'Substitute', 'Cut', 'Surf', 'Strength']"
100,"['Tackle', 'Screech', 'Sonic Boom', 'Self-Destruct', 'Light Screen', 'Swift', 'Explosion', 'Toxic', 'Take Down', 'Thunderbolt', 'Thunder', 'Teleport', 'Mimic', 'Double Team', 'Reflect', 'Bide', 'Self-Destruct', 'Swift', 'Rest', 'Thunder Wave', 'Explosion', 'Substitute', 'Flash']"
101,"['Tackle', 'Screech', 'Sonic Boom', 'Sonic Boom', 'Self-Destruct', 'Light Screen', 'Swift', 'Explosion', 'Toxic', 'Take Down', 'Hyper Beam', 'Thunderbolt', 'Thunder', 'Teleport', 'Mimic', 'Double Team', 'Reflect', 'Bide', 'Self-Destruct', 'Swift', 'Rest', 'Thunder Wave', 'Explosion', 'Substitute', 'Flash']"
102,"['Barrage', 'Hypnosis', 'Reflect', 'Leech Seed', 'Stun Spore', 'Poison Powder', 'Solar Beam', 'Sleep Powder', 'Toxic', 'Take Down', 'Double-Edge', 'Rage', 'Psychic', 'Teleport', 'Mimic', 'Double Team', 'Reflect', 'Bide', 'Self-Destruct', 'Egg Bomb', 'Rest', 'Psywave', 'Explosion', 'Substitute']"
103,"['Barrage', 'Hypnosis', 'Stomp', 'Toxic', 'Take Down', 'Double-Edge', 'Hyper Beam', 'Rage', 'Mega Drain', 'Solar Beam', 'Psychic', 'Teleport', 'Mimic', 'Double Team', 'Reflect', 'Bide', 'Self-Destruct', 'Egg Bomb', 'Rest', 'Psywave', 'Explosion', 'Substitute', 'Strength', 'Reflect', 'Leech Seed', 'Stun Spore', 'Poison Powder', 'Solar Beam', 'Sleep Powder']"
104,"['Bone Club', 'Growl', 'Leer', 'Focus Energy', 'Thrash', 'Bonemerang', 'Rage', 'Growl', 'Bone Club', 'Tail Whip', 'Headbutt', 'Leer', 'Focus Energy', 'Thrash', 'Bonemerang', 'Rage', 'Mega Punch', 'Mega Kick', 'Toxic', 'Body Slam', 'Take Down', 'Double-Edge', 'Bubble Beam', 'Water Gun', 'Ice Beam', 'Blizzard', 'Submission', 'Counter', 'Seismic Toss', 'Rage', 'Earthquake', 'Fissure', 'Dig', 'Mimic', 'Double Team', 'Bide', 'Fire Blast', 'Skull Bash', 'Rest', 'Substitute', 'Strength']"
105,"['Bone Club', 'Growl', 'Leer', 'Focus Energy', 'Leer', 'Focus Energy', 'Thrash', 'Bonemerang', 'Rage', 'Bone Club', 'Tail Whip', 'Bone Club', 'Tail Whip', 'Headbutt', 'Leer', 'Focus Energy', 'Thrash', 'Bonemerang', 'Rage', 'Mega Punch', 'Mega Kick', 'Toxic', 'Body Slam', 'Take Down', 'Double-Edge', 'Bubble Beam', 'Water Gun', 'Ice Beam', 'Blizzard', 'Hyper Beam', 'Submission', 'Counter', 'Seismic Toss', 'Rage', 'Earthquake', 'Fissure', 'Dig', 'Mimic', 'Double Team', 'Bide', 'Fire Blast', 'Skull Bash', 'Rest', 'Substitute', 'Strength', 'Growl']"
106,"['Double Kick', 'Meditate', 'Rolling Kick', 'Jump Kick', 'Focus Energy', 'Hi Jump Kick', 'Mega Kick', 'Mega Punch', 'Mega Kick', 'Toxic', 'Body Slam', 'Take Down', 'Double-Edge', 'Submission', 'Counter', 'Seismic Toss', 'Rage', 'Mimic', 'Double Team', 'Bide', 'Metronome', 'Swift', 'Skull Bash', 'Rest', 'Substitute', 'Strength']"
107,"['Comet Punch', 'Agility', 'Fire Punch', 'Ice Punch', 'Thunder Punch', 'Mega Punch', 'Counter', 'Mega Punch', 'Mega Kick', 'Toxic', 'Body Slam', 'Take Down', 'Double-Edge', 'Submission', 'Counter', 'Seismic Toss', 'Rage', 'Mimic', 'Double Team', 'Bide', 'Metronome', 'Swift', 'Skull Bash', 'Rest', 'Substitute', 'Strength']"
108,"['Wrap', 'Supersonic', 'Stomp', 'Disable', 'Defense Curl', 'Slam', 'Screech', 'Mega Punch', 'Swords Dance', 'Mega Kick', 'Toxic', 'Body Slam', 'Take Down', 'Double-Edge', 'Bubble Beam', 'Water Gun', 'Ice Beam', 'Blizzard', 'Hyper Beam', 'Submission', 'Counter', 'Seismic Toss', 'Rage', 'Thunderbolt', 'Thunder', 'Earthquake', 'Fissure', 'Mimic', 'Double Team', 'Bide', 'Fire Blast', 'Skull Bash', 'Rest', 'Substitute', 'Cut', 'Surf', 'Strength']"
109,"['Tackle', 'Smog', 'Sludge', 'Smokescreen', 'Self-Destruct', 'Haze', 'Explosion', 'Toxic', 'Rage', 'Thunderbolt', 'Thunder', 'Mimic', 'Double Team', 'Bide', 'Self-Destruct', 'Fire Blast', 'Rest', 'Explosion', 'Substitute']"
110,"['Tackle', 'Smog', 'Sludge', 'Sludge', 'Smokescreen', 'Self-Destruct', 'Haze', 'Explosion', 'Toxic', 'Hyper Beam', 'Rage', 'Thunderbolt', 'Thunder', 'Mimic', 'Double Team', 'Bide', 'Self-Destruct', 'Fire Blast', 'Rest', 'Explosion', 'Substitute']"
111,"['Horn Attack', 'Stomp', 'Tail Whip', 'Fury Attack', 'Horn Drill', 'Leer', 'Take Down', 'Horn Attack', 'Stomp', 'Tail Whip', 'Fury Attack', 'Stomp', 'Tail Whip', 'Fury Attack', 'Horn Drill', 'Leer', 'Take Down', 'Toxic', 'Horn Drill', 'Body Slam', 'Take Down', 'Double-Edge', 'Rage', 'Thunderbolt', 'Thunder', 'Earthquake', 'Fissure', 'Dig', 'Mimic', 'Double Team', 'Bide', 'Fire Blast', 'Skull Bash', 'Rest', 'Rock Slide', 'Substitute', 'Strength']"
112,"['Horn Attack', 'Stomp', 'Tail Whip', 'Fury Attack', 'Horn Drill', 'Leer', 'Take Down', 'Horn Attack', 'Stomp', 'Tail Whip', 'Fury Attack', 'Stomp', 'Tail Whip', 'Fury Attack', 'Horn Drill', 'Leer', 'Take Down', 'Mega Punch', 'Mega Kick', 'Toxic', 'Horn Drill', 'Body Slam', 'Take Down', 'Double-Edge', 'Bubble Beam', 'Water Gun', 'Ice Beam', 'Blizzard', 'Hyper Beam', 'Pay Day', 'Submission', 'Counter', 'Seismic Toss', 'Rage', 'Thunderbolt', 'Thunder', 'Earthquake', 'Fissure', 'Dig', 'Mimic', 'Double Team', 'Bide', 'Fire Blast', 'Skull Bash', 'Rest', 'Rock Slide', 'Substitute', 'Surf', 'Strength']"
113,"['Pound', 'Double Slap', 'Sing', 'Growl', 'Minimize', 'Defense Curl', 'Light Screen', 'Double-Edge', 'Pound', 'Tail Whip', 'Double Slap', 'Sing', 'Growl', 'Minimize', 'Defense Curl', 'Light Screen', 'Double-Edge', 'Mega Punch', 'Mega Kick', 'Toxic', 'Body Slam', 'Take Down', 'Double-Edge', 'Bubble Beam', 'Water Gun', 'Ice Beam', 'Blizzard', 'Hyper Beam', 'Submission', 'Counter', 'Seismic Toss', 'Rage', 'Solar Beam', 'Thunderbolt', 'Thunder', 'Psychic', 'Teleport', 'Mimic', 'Double Team', 'Reflect', 'Bide', 'Metronome', 'Egg Bomb', 'Fire Blast', 'Skull Bash', 'Soft-Boiled', 'Rest', 'Thunder Wave', 'Psywave', 'Tri Attack', 'Substitute', 'Strength', 'Flash']"
114,"['Constrict', 'Bind', 'Absorb', 'Poison Powder', 'Stun Spore', 'Sleep Powder', 'Slam', 'Growth', 'Constrict', 'Bind', 'Absorb', 'Vine Whip', 'Poison Powder', 'Stun Spore', 'Sleep Powder', 'Slam', 'Growth', 'Swords Dance', 'Toxic', 'Body Slam', 'Take Down', 'Double-Edge', 'Hyper Beam', 'Rage', 'Mega Drain', 'Solar Beam', 'Mimic', 'Double Team', 'Bide', 'Skull Bash', 'Rest', 'Substitute', 'Cut']"
115,"['Comet Punch', 'Rage', 'Bite', 'Tail Whip', 'Mega Punch', 'Leer', 'Dizzy Punch', 'Mega Punch', 'Mega Kick', 'Toxic', 'Body Slam', 'Take Down', 'Double-Edge', 'Bubble Beam', 'Water Gun', 'Ice Beam', 'Blizzard', 'Hyper Beam', 'Submission', 'Counter', 'Seismic Toss', 'Rage', 'Thunderbolt', 'Thunder', 'Earthquake', 'Fissure', 'Mimic', 'Double Team', 'Bide', 'Fire Blast', 'Skull Bash', 'Rest', 'Rock Slide', 'Substitute', 'Surf', 'Strength']"
116,"['Bubble', 'Smokescreen', 'Leer', 'Water Gun', 'Agility', 'Hydro Pump', 'Toxic', 'Take Down', 'Double-Edge', 'Bubble Beam', 'Water Gun', 'Ice Beam', 'Blizzard', 'Rage', 'Mimic', 'Double Team', 'Bide', 'Swift', 'Skull Bash', 'Rest', 'Substitute', 'Surf']"
117,"['Bubble', 'Smokescreen', 'Smokescreen', 'Leer', 'Water Gun', 'Agility', 'Hydro Pump', 'Toxic', 'Take Down', 'Double-Edge', 'Bubble Beam', 'Water Gun', 'Ice Beam', 'Blizzard', 'Hyper Beam', 'Rage', 'Mimic', 'Double Team', 'Bide', 'Swift', 'Skull Bash', 'Rest', 'Substitute', 'Surf']"
118,"['Peck', 'Tail Whip', 'Supersonic', 'Horn Attack', 'Fury Attack', 'Waterfall', 'Horn Drill', 'Agility', 'Toxic', 'Horn Drill', 'Take Down', 'Double-Edge', 'Bubble Beam', 'Water Gun', 'Ice Beam', 'Blizzard', 'Rage', 'Mimic', 'Double Team', 'Bide', 'Swift', 'Skull Bash', 'Rest', 'Substitute', 'Surf']"
119,"['Peck', 'Tail Whip', 'Supersonic', 'Supersonic', 'Horn Attack', 'Fury Attack', 'Waterfall', 'Horn Drill', 'Agility', 'Toxic', 'Horn Drill', 'Take Down', 'Double-Edge', 'Bubble Beam', 'Water Gun', 'Ice Beam', 'Blizzard', 'Hyper Beam', 'Rage', 'Mimic', 'Double Team', 'Bide', 'Swift', 'Skull Bash', 'Rest', 'Substitute', 'Surf']"
120,"['Tackle', 'Water Gun', 'Harden', 'Recover', 'Swift', 'Minimize', 'Light Screen', 'Hydro Pump', 'Toxic', 'Take Down', 'Double-Edge', 'Bubble Beam', 'Water Gun', 'Ice Beam', 'Blizzard', 'Rage', 'Thunderbolt', 'Thunder', 'Psychic', 'Teleport', 'Mimic', 'Double Team', 'Reflect', 'Bide', 'Swift', 'Skull Bash', 'Rest', 'Thunder Wave', 'Psywave', 'Tri Attack', 'Substitute', 'Surf', 'Flash']"
121,"['Tackle', 'Water Gun', 'Harden', 'Toxic', 'Take Down', 'Double-Edge', 'Bubble Beam', 'Water Gun', 'Ice Beam', 'Blizzard', 'Hyper Beam', 'Rage', 'Thunderbolt', 'Thunder', 'Psychic', 'Teleport', 'Mimic', 'Double Team', 'Reflect', 'Bide', 'Swift', 'Skull Bash', 'Rest', 'Thunder Wave', 'Psywave', 'Tri Attack', 'Substitute', 'Surf', 'Flash', 'Recover', 'Swift', 'Minimize', 'Light Screen', 'Hydro Pump']"
122,"['Confusion', 'Barrier', 'Confusion', 'Light Screen', 'Double Slap', 'Meditate', 'Substitute', 'Mega Punch', 'Mega Kick', 'Toxic', 'Body Slam', 'Take Down', 'Double-Edge', 'Hyper Beam', 'Submission', 'Counter', 'Seismic Toss', 'Rage', 'Solar Beam', 'Thunderbolt', 'Thunder', 'Psychic', 'Teleport', 'Mimic', 'Double Team', 'Reflect', 'Bide', 'Metronome', 'Skull Bash', 'Rest', 'Thunder Wave', 'Psywave', 'Substitute', 'Flash']"
123,"['Quick Attack', 'Leer', 'Focus Energy', 'Double Team', 'Slash', 'Swords Dance', 'Agility', 'Quick Attack', 'Leer', 'Focus Energy', 'Double Team', 'Slash', 'Swords Dance', 'Agility', 'Wing Attack', 'Swords Dance', 'Toxic', 'Take Down', 'Double-Edge', 'Hyper Beam', 'Rage', 'Mimic', 'Double Team', 'Bide', 'Swift', 'Skull Bash', 'Rest', 'Substitute', 'Cut']"
124,"['Pound', 'Lovely Kiss', 'Lick', 'Double Slap', 'Ice Punch', 'Body Slam', 'Thrash', 'Blizzard', 'Mega Punch', 'Mega Kick', 'Toxic', 'Body Slam', 'Take Down', 'Double-Edge', 'Bubble Beam', 'Water Gun', 'Ice Beam', 'Blizzard', 'Hyper Beam', 'Submission', 'Counter', 'Seismic Toss', 'Rage', 'Psychic', 'Teleport', 'Mimic', 'Double Team', 'Reflect', 'Bide', 'Metronome', 'Skull Bash', 'Rest', 'Psywave', 'Substitute']"
125,"['Quick Attack', 'Leer', 'Thunder Shock', 'Screech', 'Thunder Punch', 'Light Screen', 'Thunder', 'Mega Punch', 'Mega Kick', 'Toxic', 'Body Slam', 'Take Down', 'Double-Edge', 'Hyper Beam', 'Submission', 'Counter', 'Seismic Toss', 'Rage', 'Thunderbolt', 'Thunder', 'Psychic', 'Teleport', 'Mimic', 'Double Team', 'Reflect', 'Bide', 'Metronome', 'Swift', 'Skull Bash', 'Rest', 'Thunder Wave', 'Psywave', 'Substitute', 'Strength', 'Flash']"
126,"['Ember', 'Leer', 'Confuse Ray', 'Fire Punch', 'Smokescreen', 'Smog', 'Flamethrower', 'Mega Punch', 'Mega Kick', 'Toxic', 'Body Slam', 'Take Down', 'Double-Edge', 'Hyper Beam', 'Submission', 'Counter', 'Seismic Toss', 'Rage', 'Psychic', 'Teleport', 'Mimic', 'Double Team', 'Bide', 'Metronome', 'Fire Blast', 'Skull Bash', 'Rest', 'Psywave', 'Substitute', 'Strength']"
127,"['Vice Grip', 'Seismic Toss', 'Guillotine', 'Focus Energy', 'Harden', 'Slash', 'Swords Dance', 'Vice Grip', 'Bind', 'Seismic Toss', 'Guillotine', 'Focus Energy', 'Harden', 'Slash', 'Swords Dance', 'Swords Dance', 'Toxic', 'Body Slam', 'Take Down', 'Double-Edge', 'Hyper Beam', 'Submission', 'Seismic Toss', 'Rage', 'Mimic', 'Double Team', 'Bide', 'Rest', 'Substitute', 'Cut', 'Strength']"
128,"['Tackle', 'Stomp', 'Tail Whip', 'Leer', 'Rage', 'Take Down', 'Toxic', 'Horn Drill', 'Body Slam', 'Take Down', 'Double-Edge', 'Ice Beam', 'Blizzard', 'Hyper Beam', 'Rage', 'Thunderbolt', 'Thunder', 'Earthquake', 'Fissure', 'Mimic', 'Double Team', 'Bide', 'Fire Blast', 'Skull Bash', 'Rest', 'Substitute', 'Strength']"
129,"['Splash', 'Tackle']"
130,"['Bite', 'Dragon Rage', 'Leer', 'Hydro Pump', 'Bite', 'Dragon Rage', 'Leer', 'Hydro Pump', 'Hyper Beam', 'Tackle', 'Bite', 'Dragon Rage', 'Leer', 'Hydro Pump', 'Hyper Beam', 'Toxic', 'Body Slam', 'Take Down', 'Double-Edge', 'Bubble Beam', 'Water Gun', 'Ice Beam', 'Blizzard', 'Hyper Beam', 'Rage', 'Dragon Rage', 'Thunderbolt', 'Thunder', 'Mimic', 'Double Team', 'Reflect', 'Bide', 'Fire Blast', 'Skull Bash', 'Rest', 'Substitute', 'Surf', 'Strength', 'Splash']"
131,"['Water Gun', 'Growl', 'Sing', 'Mist', 'Body Slam', 'Confuse Ray', 'Ice Beam', 'Hydro Pump', 'Toxic', 'Horn Drill', 'Body Slam', 'Take Down', 'Double-Edge', 'Bubble Beam', 'Water Gun', 'Ice Beam', 'Blizzard', 'Hyper Beam', 'Rage', 'Solar Beam', 'Dragon Rage', 'Thunderbolt', 'Thunder', 'Psychic', 'Mimic', 'Double Team', 'Reflect', 'Bide', 'Skull Bash', 'Rest', 'Psywave', 'Substitute', 'Surf', 'Strength']"
132,['Transform']
133,"['Tackle', 'Sand-Attack', 'Quick Attack', 'Tail Whip', 'Bite', 'Take Down', 'Tackle', 'Tail Whip', 'Sand-Attack', 'Growl', 'Quick Attack', 'Bite', 'Focus Energy', 'Take Down', 'Toxic', 'Body Slam', 'Take Down', 'Double-Edge', 'Rage', 'Mimic', 'Double Team', 'Reflect', 'Bide', 'Swift', 'Skull Bash', 'Rest', 'Substitute']"
134,"['Tackle', 'Sand-Attack', 'Quick Attack', 'Water Gun', 'Quick Attack', 'Water Gun', 'Tail Whip', 'Bite', 'Acid Armor', 'Haze', 'Mist', 'Hydro Pump', 'Tackle', 'Tail Whip', 'Quick Attack', 'Water Gun', 'Sand-Attack', 'Water Gun', 'Quick Attack', 'Bite', 'Aurora Beam', 'Haze', 'Acid Armor', 'Hydro Pump', 'Toxic', 'Body Slam', 'Take Down', 'Double-Edge', 'Bubble Beam', 'Water Gun', 'Ice Beam', 'Blizzard', 'Hyper Beam', 'Rage', 'Mimic', 'Double Team', 'Reflect', 'Bide', 'Swift', 'Skull Bash', 'Rest', 'Substitute', 'Surf', 'Growl', 'Focus Energy', 'Take Down']"
135,"['Tackle', 'Sand-Attack', 'Quick Attack', 'Thunder Shock', 'Quick Attack', 'Thunder Shock', 'Tail Whip', 'Thunder Wave', 'Double Kick', 'Agility', 'Pin Missile', 'Thunder', 'Tackle', 'Tail Whip', 'Quick Attack', 'Thunder Shock', 'Sand-Attack', 'Thunder Shock', 'Quick Attack', 'Double Kick', 'Pin Missile', 'Thunder Wave', 'Agility', 'Thunder', 'Toxic', 'Body Slam', 'Take Down', 'Double-Edge', 'Hyper Beam', 'Rage', 'Thunderbolt', 'Thunder', 'Mimic', 'Double Team', 'Reflect', 'Bide', 'Swift', 'Skull Bash', 'Rest', 'Thunder Wave', 'Substitute', 'Flash', 'Growl', 'Bite', 'Focus Energy', 'Take Down']"
136,"['Tackle', 'Sand-Attack', 'Quick Attack', 'Ember', 'Quick Attack', 'Ember', 'Tail Whip', 'Bite', 'Leer', 'Fire Spin', 'Rage', 'Flamethrower', 'Tackle', 'Tail Whip', 'Quick Attack', 'Ember', 'Sand-Attack', 'Ember', 'Quick Attack', 'Bite', 'Fire Spin', 'Smog', 'Leer', 'Flamethrower', 'Toxic', 'Body Slam', 'Take Down', 'Double-Edge', 'Hyper Beam', 'Rage', 'Mimic', 'Double Team', 'Reflect', 'Bide', 'Fire Blast', 'Swift', 'Skull Bash', 'Rest', 'Substitute', 'Growl', 'Focus Energy', 'Take Down']"
137,"['Tackle', 'Sharpen', 'Conversion', 'Psybeam', 'Recover', 'Agility', 'Tri Attack', 'Toxic', 'Take Down', 'Double-Edge', 'Ice Beam', 'Blizzard', 'Hyper Beam', 'Rage', 'Thunderbolt', 'Thunder', 'Psychic', 'Teleport', 'Mimic', 'Double Team', 'Reflect', 'Bide', 'Swift', 'Skull Bash', 'Rest', 'Thunder Wave', 'Psywave', 'Tri Attack', 'Substitute', 'Flash']"
138,"['Water Gun', 'Withdraw', 'Horn Attack', 'Leer', 'Spike Cannon', 'Hydro Pump', 'Toxic', 'Body Slam', 'Take Down', 'Double-Edge', 'Bubble Beam', 'Water Gun', 'Ice Beam', 'Blizzard', 'Rage', 'Mimic', 'Double Team', 'Reflect', 'Bide', 'Rest', 'Substitute', 'Surf']"
139,"['Water Gun', 'Withdraw', 'Horn Attack', 'Horn Attack', 'Leer', 'Spike Cannon', 'Hydro Pump', 'Toxic', 'Body Slam', 'Take Down', 'Double-Edge', 'Bubble Beam', 'Water Gun', 'Ice Beam', 'Blizzard', 'Hyper Beam', 'Submission', 'Seismic Toss', 'Rage', 'Mimic', 'Double Team', 'Reflect', 'Bide', 'Skull Bash', 'Rest', 'Substitute', 'Surf']"
140,"['Scratch', 'Harden', 'Absorb', 'Slash', 'Leer', 'Hydro Pump', 'Toxic', 'Body Slam', 'Take Down', 'Double-Edge', 'Bubble Beam', 'Water Gun', 'Ice Beam', 'Blizzard', 'Rage', 'Mimic', 'Double Team', 'Reflect', 'Bide', 'Rest', 'Substitute', 'Surf']"
141,"['Scratch', 'Harden', 'Absorb', 'Absorb', 'Slash', 'Leer', 'Hydro Pump', 'Razor Wind', 'Swords Dance', 'Mega Kick', 'Toxic', 'Body Slam', 'Take Down', 'Double-Edge', 'Bubble Beam', 'Water Gun', 'Ice Beam', 'Blizzard', 'Hyper Beam', 'Submission', 'Seismic Toss', 'Rage', 'Mimic', 'Double Team', 'Reflect', 'Bide', 'Skull Bash', 'Rest', 'Substitute', 'Cut', 'Surf']"
142,"['Wing Attack', 'Agility', 'Supersonic', 'Bite', 'Take Down', 'Hyper Beam', 'Razor Wind', 'Whirlwind', 'Toxic', 'Take Down', 'Double-Edge', 'Hyper Beam', 'Rage', 'Dragon Rage', 'Mimic', 'Double Team', 'Reflect', 'Bide', 'Fire Blast', 'Swift', 'Sky Attack', 'Rest', 'Substitute', 'Fly']"
143,"['Headbutt', 'Amnesia', 'Rest', 'Body Slam', 'Harden', 'Double-Edge', 'Hyper Beam', 'Mega Punch', 'Mega Kick', 'Toxic', 'Body Slam', 'Take Down', 'Double-Edge', 'Bubble Beam', 'Water Gun', 'Ice Beam', 'Blizzard', 'Hyper Beam', 'Pay Day', 'Submission', 'Counter', 'Seismic Toss', 'Rage', 'Solar Beam', 'Thunderbolt', 'Thunder', 'Earthquake', 'Fissure', 'Psychic', 'Mimic', 'Double Team', 'Reflect', 'Bide', 'Metronome', 'Self-Destruct', 'Fire Blast', 'Skull Bash', 'Rest', 'Psywave', 'Rock Slide', 'Substitute', 'Surf', 'Strength']"
144,"['Peck', 'Ice Beam', 'Blizzard', 'Agility', 'Mist', 'Razor Wind', 'Whirlwind', 'Toxic', 'Take Down', 'Double-Edge', 'Bubble Beam', 'Water Gun', 'Ice Beam', 'Blizzard', 'Hyper Beam', 'Rage', 'Mimic', 'Double Team', 'Reflect', 'Bide', 'Swift', 'Sky Attack', 'Rest', 'Substitute', 'Fly']"
145,"['Thunder Shock', 'Drill Peck', 'Thunder', 'Agility', 'Light Screen', 'Razor Wind', 'Whirlwind', 'Toxic', 'Take Down', 'Double-Edge', 'Hyper Beam', 'Rage', 'Thunderbolt', 'Thunder', 'Mimic', 'Double Team', 'Reflect', 'Bide', 'Swift', 'Sky Attack', 'Rest', 'Thunder Wave', 'Substitute', 'Fly', 'Flash']"
146,"['Peck', 'Fire Spin', 'Leer', 'Agility', 'Sky Attack', 'Razor Wind', 'Whirlwind', 'Toxic', 'Take Down', 'Double-Edge', 'Hyper Beam', 'Rage', 'Mimic', 'Double Team', 'Reflect', 'Bide', 'Fire Blast', 'Swift', 'Sky Attack', 'Rest', 'Substitute', 'Fly']"
147,"['Wrap', 'Leer', 'Thunder Wave', 'Agility', 'Slam', 'Dragon Rage', 'Hyper Beam', 'Toxic', 'Body Slam', 'Take Down', 'Double-Edge', 'Bubble Beam', 'Water Gun', 'Ice Beam', 'Blizzard', 'Rage', 'Dragon Rage', 'Thunderbolt', 'Thunder', 'Mimic', 'Double Team', 'Reflect', 'Bide', 'Fire Blast', 'Swift', 'Skull Bash', 'Rest', 'Thunder Wave', 'Substitute', 'Surf']"
148,"['Wrap', 'Leer', 'Thunder Wave', 'Thunder Wave', 'Agility', 'Slam', 'Dragon Rage', 'Hyper Beam', 'Toxic', 'Horn Drill', 'Body Slam', 'Take Down', 'Double-Edge', 'Bubble Beam', 'Water Gun', 'Ice Beam', 'Blizzard', 'Rage', 'Dragon Rage', 'Thunderbolt', 'Thunder', 'Mimic', 'Double Team', 'Reflect', 'Bide', 'Fire Blast', 'Swift', 'Skull Bash', 'Rest', 'Thunder Wave', 'Substitute', 'Surf']"
149,"['Wrap', 'Thunder Wave', 'Leer', 'Agility', 'Thunder Wave', 'Agility', 'Slam', 'Dragon Rage', 'Hyper Beam', 'Razor Wind', 'Toxic', 'Horn Drill', 'Body Slam', 'Take Down', 'Double-Edge', 'Bubble Beam', 'Water Gun', 'Ice Beam', 'Blizzard', 'Hyper Beam', 'Rage', 'Dragon Rage', 'Thunderbolt', 'Thunder', 'Mimic', 'Double Team', 'Reflect', 'Bide', 'Fire Blast', 'Swift', 'Skull Bash', 'Rest', 'Thunder Wave', 'Substitute', 'Surf', 'Strength']"
150,"['Confusion', 'Disable', 'Swift', 'Psychic', 'Barrier', 'Psychic', 'Recover', 'Mist', 'Amnesia', 'Mega Punch', 'Mega Kick', 'Toxic', 'Body Slam', 'Take Down', 'Double-Edge', 'Bubble Beam', 'Water Gun', 'Ice Beam', 'Blizzard', 'Hyper Beam', 'Pay Day', 'Submission', 'Counter', 'Seismic Toss', 'Rage', 'Solar Beam', 'Thunderbolt', 'Thunder', 'Psychic', 'Teleport', 'Mimic', 'Double Team', 'Reflect', 'Bide', 'Metronome', 'Self-Destruct', 'Fire Blast', 'Skull Bash', 'Rest', 'Thunder Wave', 'Psywave', 'Tri Attack', 'Substitute', 'Strength', 'Flash']"
151,"['Pound', 'Transform', 'Mega Punch', 'Metronome', 'Psychic', 'Mega Punch', 'Razor Wind', 'Swords Dance', 'Whirlwind', 'Mega Kick', 'Toxic', 'Horn Drill', 'Body Slam', 'Take Down', 'Double-Edge', 'Bubble Beam', 'Water Gun', 'Ice Beam', 'Blizzard', 'Hyper Beam', 'Pay Day', 'Submission', 'Counter', 'Seismic Toss', 'Rage', 'Mega Drain', 'Solar Beam', 'Dragon Rage', 'Thunderbolt', 'Thunder', 'Earthquake', 'Fissure', 'Dig', 'Psychic', 'Teleport', 'Mimic', 'Double Team', 'Reflect', 'Bide', 'Metronome', 'Self-Destruct', 'Egg Bomb', 'Fire Blast', 'Swift', 'Skull Bash', 'Soft-Boiled', 'Dream Eater', 'Sky Attack', 'Rest', 'Thunder Wave', 'Psywave', 'Explosion', 'Rock Slide', 'Tri Attack', 'Substitute', 'Cut', 'Fly', 'Surf', 'Strength', 'Flash']"
